,activity,feature,intent,permission,provider,service_receiver
0,10.229054375682582,3.393914393189218,4.112197418606699,10.443929723421446,0.8510875050310399,15.343526621859045
1,1.2295279303463302,0.022238600144583,0.12426106139030924,0.6612005522880353,0.915314771119228,
