Round,Train_accuray,Test_accuray,Test_validationset_accuray,Train_FNR,Test_FNR,Test_validationset_FNR,accuracy,f1,precision,MCR on train data,MCR on test data,AvgD on train data,AvgD on test data,retrain_time
0.0,0.9642810414758604,0.9619131975199292,0.9619131975199292,0.043105686834588416,0.046811000585137506,0.046811000585137506,0.9615957130098244,0.9619131975199292,0.9707985697258641,1.0,1.0,117.02517953677898,114.3646408839779
1.0,0.9807335190343547,0.9598880597014925,0.9567265234030027,0.016527001862197393,0.031073446327683617,0.037322274881516584,0.956236975290265,0.9567265234030027,0.9626777251184834,0.9945468709426123,0.9957028852056476,116.38958908355458,113.46224677716391,1560.1573226659093
2.0,0.9776566757493189,0.9712831697564521,0.9560047562425683,0.01626759276183513,0.021245421245421246,0.0283987915407855,0.9559392676391784,0.9560047562425683,0.9716012084592145,1.0,1.0,91.4861274638521,85.7292817679558,1600.0010779500008
3.0,0.9560909705021391,0.9565998204130499,0.9056255763910236,0.027930402930402932,0.03033980582524272,0.04598445595854922,0.9086037511164037,0.9056255763910236,0.9540155440414507,0.9735133731498312,0.9693063228974831,91.07328937313939,91.05893186003682,1613.4673309680074
4.0,0.9833407233799962,0.9768624459699975,0.9532093581283744,0.01284497011318835,0.015376729882111738,0.022153846153846152,0.9535576064304853,0.9532093581283744,0.9778461538461538,0.9371591794339132,0.9226519337016574,69.36941638507312,71.02148557397174,1624.079048306914
