Round,Train_accuray,Test_accuray,Test_validationset_accuray,Train_FNR,Test_FNR,Test_validationset_FNR,accuracy,f1,precision,MCR on train data,MCR on test data,AvgD on train data,AvgD on test data,retrain_time
0,0.96428104147586,0.961913197519929,0.961913197519929,0.043105686834589,0.046811000585138,0.046811000585138,0.961595713009824,0.961913197519929,0.970798569725864,1,1,117.025179536779,114.364640883978,
1,0.980733519034355,0.959888059701492,0.956726523403003,0.016527001862197,0.031073446327684,0.037322274881517,0.956236975290265,0.956726523403003,0.962677725118483,0.994546870942612,0.995702885205647,116.389589083555,113.462246777164,1560.15732266591
2,0.977656675749319,0.971283169756452,0.956004756242568,0.016267592761835,0.021245421245421,0.028398791540786,0.955939267639178,0.956004756242568,0.971601208459214,1,1,91.4861274638521,85.7292817679558,1600.00107795
3,0.956090970502139,0.95659982041305,0.905625576391024,0.027930402930403,0.030339805825243,0.045984455958549,0.908603751116404,0.905625576391024,0.954015544041451,0.973513373149831,0.969306322897483,91.0732893731394,91.0589318600368,1613.46733096801
4,0.983340723379996,0.976862445969998,0.953209358128374,0.012844970113188,0.015376729882112,0.022153846153846,0.953557606430485,0.953209358128374,0.977846153846154,0.937159179433913,0.922651933701657,69.3694163850731,71.0214855739717,1624.07904830691
