Round,Train_accuray,Test_accuray,Test_validationset_accuray,Train_FNR,Test_FNR,Test_validationset_FNR,accuracy,f1,precision,MCR on train data,MCR on test data,AvgD on train data,AvgD on test data,retrain_time
0.0,0.9642810414758604,0.9619131975199292,0.9619131975199292,0.043105686834588416,0.046811000585137506,0.046811000585137506,0.9615957130098244,0.9619131975199292,0.9707985697258641,0.9992209815632304,0.9993861264579497,128.93410999632465,130.3449969306323
