Round,Train_accuray,Test_accuray,Test_validationset_accuray,Train_FNR,Test_FNR,Test_validationset_FNR,accuracy,f1,precision,MCR on train data,MCR on test data,AvgD on train data,AvgD on test data,retrain_time
0.0,0.9069636312376657,0.9020979020979022,0.9020979020979022,0.16463256297065698,0.16968987712112346,0.16968987712112346,0.9083060434653171,0.9020979020979022,0.9874739039665971,1.0,1.0,87.83037768218892,84.47921071176886
