,activity,feature,intent,permission,provider,service_receiver
0,7.777131196038576,2.592041821886302,3.303451506525576,10.340916832104764,0.5327619477994701,10.607975698858978
